{"id": 1804, "img_name": "/opt/roadar_data/colmap_c/images/00/005088.jpg", "width": 1440, "height": 1440, "position": [0.3791540265083313, -0.07669593393802643, 1.0701225996017456], "rotation": [[0.6794247627258301, -0.7302279472351074, 0.07175742834806442], [0.155307799577713, 0.23870103061199188, 0.9585934281349182], [-0.7171202898025513, -0.6401476263999939, 0.2755894958972931]], "fy": 720.0, "fx": 720.0, "pinhole_name": "front"}